Local Authority District code (2024),Local Authority District name (2024),IMD - Average rank ,IMD - Rank of average rank ,IMD - Average score ,IMD - Rank of average score ,IMD - Proportion of LSOAs in most deprived 10% nationally ,IMD - Rank of proportion of LSOAs in most deprived 10% nationally ,IMD25 - Extent ,IMD25 - Rank of extent ,IMD25 - Local concentration ,IMD25 - Rank of local concentration 
E06000001,Hartlepool,23075.98,30,37.580,6,0.421,3,0.526,8,33623.27,3
E06000002,Middlesbrough,23840.54,21,40.037,2,0.500,1,0.566,3,33672.10,2
E06000003,Redcar and Cleveland,20592.69,62,30.336,37,0.250,25,0.367,44,33529.27,7
E06000004,Stockton-on-Tees,17658.71,119,25.830,69,0.194,41,0.318,59,33332.64,17
E06000005,Darlington,18611.35,103,25.713,72,0.197,40,0.281,69,33117.99,30
E06000006,Halton,20886.57,55,31.117,31,0.313,16,0.429,27,33327.38,18
E06000007,Warrington,13072.02,199,16.835,174,0.061,114,0.156,121,30722.59,114
E06000008,Blackburn with Darwen,24567.65,11,36.899,10,0.374,9,0.570,2,33262.48,24
E06000009,Blackpool,26536.86,1,43.467,1,0.404,6,0.522,9,33748.14,1
E06000010,"Kingston upon Hull, City of",24324.73,14,37.206,8,0.417,4,0.520,11,33340.11,16
E06000011,East Riding of Yorkshire,12648.72,203,15.755,189,0.061,113,0.098,155,30438.49,120
E06000012,North East Lincolnshire,19754.27,81,30.213,39,0.271,21,0.370,38,33609.96,4
E06000013,North Lincolnshire,18590.12,104,23.473,99,0.117,77,0.211,98,32214.66,63
E06000014,York,9512.50,261,11.814,251,0.000,193,0.068,179,27798.04,176
E06000015,Derby,19898.13,79,28.155,52,0.184,46,0.361,45,33110.37,32
E06000016,Leicester,25204.55,6,34.449,16,0.200,38,0.495,16,32821.38,43
E06000017,Rutland,8552.38,272,9.851,276,0.000,193,0.000,282,15058.78,294
E06000018,Nottingham,24079.07,18,33.747,20,0.307,18,0.504,15,32737.58,46
E06000019,"Herefordshire, County of",16764.48,136,18.762,152,0.009,185,0.071,178,28211.49,167
E06000020,Telford and Wrekin,19007.58,95,24.423,84,0.130,66,0.252,80,32109.44,66
E06000021,Stoke-on-Trent,23586.10,26,33.614,21,0.288,19,0.495,17,32889.75,39
E06000022,Bath and North East Somerset,10247.52,252,12.281,245,0.025,151,0.038,214,26239.75,209
E06000023,"Bristol, City of",17434.22,123,22.496,110,0.112,84,0.213,97,32343.28,62
E06000024,North Somerset,12208.97,215,15.456,192,0.065,111,0.096,158,30756.72,113
E06000025,South Gloucestershire,10114.56,253,11.614,254,0.000,193,0.010,258,22743.04,253
E06000026,Plymouth,18688.94,101,24.087,87,0.116,80,0.257,74,31881.10,77
E06000027,Torbay,21271.67,50,26.917,60,0.110,87,0.255,76,32441.40,58
E06000030,Swindon,14096.54,180,17.554,167,0.071,109,0.133,132,31025.90,110
E06000031,Peterborough,21226.31,51,27.799,54,0.132,65,0.367,43,31817.21,80
E06000032,Luton,22777.92,33,29.548,45,0.136,60,0.367,41,32093.18,67
E06000033,Southend-on-Sea,18080.37,113,24.027,89,0.111,85,0.265,71,32512.81,55
E06000034,Thurrock,17963.05,114,21.032,122,0.030,145,0.139,129,29766.73,139
E06000035,Medway,19136.32,91,24.354,85,0.089,97,0.253,78,31939.66,75
E06000036,Bracknell Forest,8640.96,271,10.084,271,0.000,193,0.000,282,20769.77,273
E06000037,West Berkshire,9686.36,257,11.049,261,0.000,193,0.009,262,20782.11,272
E06000038,Reading,16030.61,147,18.558,155,0.000,193,0.104,150,28786.82,161
E06000039,Slough,20246.11,72,22.967,105,0.000,193,0.122,140,27966.25,171
E06000040,Windsor and Maidenhead,7338.72,285,8.881,285,0.000,193,0.000,282,20386.36,275
E06000041,Wokingham,4328.48,295,6.102,295,0.000,193,0.004,271,16487.21,292
E06000042,Milton Keynes,15478.75,157,18.503,156,0.048,125,0.120,143,30250.04,126
E06000043,Brighton and Hove,16380.88,143,20.266,133,0.079,103,0.153,124,31382.57,99
E06000044,Portsmouth,20239.91,73,26.378,64,0.120,72,0.253,77,32824.24,41
E06000045,Southampton,20194.24,76,25.611,73,0.118,73,0.239,83,32164.22,64
E06000046,Isle of Wight,20855.08,56,24.599,83,0.034,139,0.201,106,30108.81,130
E06000047,County Durham,21488.54,47,28.808,49,0.170,53,0.360,46,32636.06,49
E06000049,Cheshire East,11388.25,231,14.169,212,0.025,153,0.095,159,29412.30,145
E06000050,Cheshire West and Chester,13879.12,186,17.736,163,0.086,98,0.147,127,31296.82,105
E06000051,Shropshire,15695.07,154,17.604,166,0.010,184,0.053,189,27206.63,186
E06000052,Cornwall,19456.45,86,22.321,112,0.033,141,0.117,146,29429.71,144
E06000053,Isles of Scilly,11924.00,221,12.650,240,0.000,193,0.000,282,11924.00,296
E06000054,Wiltshire,11989.35,219,13.608,225,0.007,189,0.029,226,25105.87,229
E06000055,Bedford,16413.20,141,19.747,138,0.043,131,0.153,123,30589.04,115
E06000056,Central Bedfordshire,11409.70,230,13.102,232,0.000,193,0.027,228,25196.55,226
E06000057,Northumberland,17154.36,128,21.963,115,0.110,86,0.201,105,32003.41,73
E06000058,"Bournemouth, Christchurch and Poole",14728.21,169,17.513,169,0.050,124,0.104,151,29777.21,137
E06000059,Dorset,14451.08,174,16.268,180,0.022,156,0.040,210,26390.71,204
E06000060,Buckinghamshire,10315.59,250,11.921,250,0.000,193,0.021,240,24636.59,237
E06000061,North Northamptonshire,15417.41,160,18.472,157,0.044,127,0.129,135,29819.72,136
E06000062,West Northamptonshire,13988.30,182,16.646,177,0.021,158,0.102,153,29073.38,151
E06000063,Cumberland,18871.62,98,23.807,95,0.102,91,0.233,87,31894.38,76
E06000064,Westmorland and Furness,14870.31,165,17.836,161,0.063,112,0.090,162,30499.01,118
E06000065,North Yorkshire,13523.03,189,15.799,188,0.026,148,0.065,180,28429.79,165
E06000066,Somerset,16776.04,134,19.137,143,0.021,159,0.089,165,29008.44,153
E07000008,Cambridge,9840.08,255,11.471,257,0.000,193,0.021,241,24135.24,244
E07000009,East Cambridgeshire,10996.11,242,12.217,247,0.000,193,0.002,278,21150.79,270
E07000010,Fenland,21985.08,42,26.100,66,0.089,95,0.207,101,30784.03,112
E07000011,Huntingdonshire,10441.25,249,11.804,252,0.000,193,0.006,269,22026.99,259
E07000012,South Cambridgeshire,7928.12,281,9.338,283,0.000,193,0.000,282,17551.73,289
E07000032,Amber Valley,15416.02,161,18.593,154,0.038,135,0.123,139,30405.82,122
E07000033,Bolsover,21151.94,52,25.728,71,0.060,115,0.222,94,31299.08,103
E07000034,Chesterfield,19824.62,80,25.388,77,0.116,78,0.282,68,31778.30,86
E07000035,Derbyshire Dales,12267.26,213,13.761,222,0.023,155,0.021,239,23485.22,248
E07000036,Erewash,16252.29,144,20.726,127,0.082,101,0.186,109,31740.47,88
E07000037,High Peak,14857.49,167,17.642,164,0.051,121,0.098,156,29548.06,143
E07000038,North East Derbyshire,15478.53,158,18.689,153,0.047,126,0.130,134,30107.33,131
E07000039,South Derbyshire,12308.24,210,14.369,211,0.016,175,0.054,188,27111.72,188
E07000040,East Devon,13234.30,195,14.548,205,0.000,193,0.014,250,23889.57,246
E07000041,Exeter,13807.01,187,15.946,185,0.000,193,0.063,182,27435.59,183
E07000042,Mid Devon,17272.33,126,18.984,150,0.000,193,0.044,205,26211.59,211
E07000043,North Devon,18856.77,99,22.002,114,0.051,121,0.125,138,30392.95,123
E07000044,South Hams,14013.15,181,15.115,199,0.000,193,0.007,266,21909.20,260
E07000045,Teignbridge,15446.44,159,17.180,172,0.000,193,0.051,193,26856.76,193
E07000046,Torridge,20911.35,54,23.865,94,0.000,193,0.103,152,28846.98,160
E07000047,West Devon,17675.39,117,19.096,146,0.000,193,0.012,253,24159.14,243
E07000061,Eastbourne,18944.08,96,23.904,93,0.133,63,0.218,96,31798.17,83
E07000062,Hastings,25467.53,3,37.255,7,0.340,14,0.481,20,33482.06,10
E07000063,Lewes,14661.52,170,16.774,175,0.000,193,0.072,176,27591.54,181
E07000064,Rother,19086.86,93,22.519,109,0.052,120,0.152,125,30458.89,119
E07000065,Wealden,11185.60,238,12.655,239,0.000,193,0.024,233,23215.31,250
E07000066,Basildon,17615.34,120,22.599,106,0.080,102,0.252,79,31244.65,107
E07000067,Braintree,15016.00,164,16.638,178,0.000,193,0.034,221,25833.56,219
E07000068,Brentwood,9499.77,262,10.942,264,0.000,193,0.008,264,22941.52,251
E07000069,Castle Point,15200.88,162,17.640,165,0.018,166,0.087,166,28921.57,155
E07000070,Chelmsford,11282.76,233,13.122,230,0.000,193,0.045,204,26617.32,201
E07000071,Colchester,14827.59,168,17.339,171,0.017,173,0.086,167,29097.83,150
E07000072,Epping Forest,12591.81,205,14.101,215,0.000,193,0.014,251,24174.84,242
E07000073,Harlow,19106.71,92,21.659,116,0.017,171,0.098,157,27627.46,180
E07000074,Maldon,14651.01,171,15.976,184,0.000,193,0.006,267,23797.84,247
E07000075,Rochford,9526.62,260,11.423,258,0.019,163,0.026,229,24522.98,238
E07000076,Tendring,23237.65,28,32.080,25,0.202,36,0.337,51,33363.62,15
E07000077,Uttlesford,8667.39,269,9.968,274,0.000,193,0.000,282,15463.13,293
E07000078,Cheltenham,10306.30,251,12.961,234,0.026,150,0.084,169,28722.68,162
E07000079,Cotswold,10928.22,243,12.052,249,0.000,193,0.004,273,19248.68,283
E07000080,Forest of Dean,17517.86,121,19.129,144,0.000,193,0.050,195,26414.08,203
E07000081,Gloucester,16397.89,142,21.534,117,0.110,88,0.239,84,31837.84,79
E07000082,Stroud,11250.16,234,12.629,241,0.000,193,0.020,243,23283.34,249
E07000083,Tewkesbury,9841.54,254,11.549,255,0.018,165,0.024,235,24485.37,239
E07000084,Basingstoke and Deane,11220.01,237,12.953,235,0.000,193,0.025,230,25174.41,227
E07000085,East Hampshire,8300.38,278,9.881,275,0.000,193,0.005,270,21485.43,266
E07000086,Eastleigh,9327.10,263,10.996,263,0.000,193,0.025,232,24283.04,241
E07000087,Fareham,6244.64,291,8.067,290,0.000,193,0.018,247,21321.00,268
E07000088,Gosport,18904.90,97,23.450,101,0.089,95,0.227,89,31395.17,98
E07000089,Hart,4236.16,296,5.914,296,0.000,193,0.000,282,13527.99,295
E07000090,Havant,16449.59,139,21.459,119,0.114,81,0.234,85,31688.89,89
E07000091,New Forest,11096.91,239,12.941,236,0.018,166,0.035,218,25952.98,217
E07000092,Rushmoor,13183.28,197,15.157,198,0.000,193,0.053,190,27008.74,190
E07000093,Test Valley,10496.99,247,12.166,248,0.000,193,0.032,224,25086.27,230
E07000094,Winchester,8709.28,268,10.218,267,0.000,193,0.012,254,21868.76,261
E07000095,Broxbourne,15812.06,152,17.800,162,0.000,193,0.055,185,26137.86,213
E07000096,Dacorum,12294.02,211,14.031,217,0.000,193,0.034,222,25766.80,222
E07000098,Hertsmere,12233.33,214,14.123,214,0.016,176,0.038,215,26279.34,207
E07000099,North Hertfordshire,9701.10,256,11.312,259,0.000,193,0.020,244,24715.78,236
E07000102,Three Rivers,8474.95,275,9.978,273,0.000,193,0.012,255,22570.61,255
E07000103,Watford,14446.32,175,16.254,181,0.000,193,0.049,197,26543.74,202
E07000105,Ashford,16881.10,133,19.717,139,0.037,136,0.119,145,29754.00,140
E07000106,Canterbury,15870.85,149,19.219,142,0.044,128,0.158,120,30344.89,124
E07000107,Dartford,15079.12,163,17.375,170,0.015,177,0.074,175,28463.07,164
E07000108,Dover,20097.95,78,24.869,81,0.116,78,0.225,93,31801.48,82
E07000109,Gravesham,19077.72,94,23.624,97,0.092,93,0.225,92,31525.89,93
E07000110,Maidstone,15572.46,155,18.093,160,0.030,143,0.089,163,29168.78,148
E07000111,Sevenoaks,12546.49,206,14.370,210,0.013,179,0.047,200,26685.19,197
E07000112,Folkestone and Hythe,20407.28,66,25.193,79,0.075,106,0.228,88,31562.24,90
E07000113,Swale,20715.83,59,26.683,62,0.144,59,0.247,81,32826.80,40
E07000114,Thanet,22856.68,32,32.017,26,0.186,45,0.368,39,33537.94,6
E07000115,Tonbridge and Malling,11244.09,235,13.023,233,0.000,193,0.035,219,25797.69,221
E07000116,Tunbridge Wells,12282.24,212,13.894,219,0.000,193,0.025,231,24973.33,231
E07000117,Burnley,25410.62,4,38.681,3,0.400,7,0.557,5,33409.88,14
E07000118,Chorley,13355.99,190,16.381,179,0.043,130,0.122,141,29863.40,135
E07000119,Fylde,13580.56,188,15.712,190,0.039,134,0.052,192,27271.88,184
E07000120,Hyndburn,24251.07,16,35.430,14,0.321,15,0.507,14,33167.18,26
E07000121,Lancaster,16770.21,135,22.408,111,0.114,82,0.209,99,32906.26,37
E07000122,Pendle,24347.02,13,35.285,15,0.351,13,0.478,21,32822.83,42
E07000123,Preston,20849.23,57,28.762,50,0.172,50,0.414,32,32417.34,59
E07000124,Ribble Valley,8521.67,273,9.997,272,0.000,193,0.001,280,19776.82,280
E07000125,Rossendale,20705.63,60,25.988,67,0.093,92,0.303,65,31245.30,106
E07000126,South Ribble,11514.27,227,14.136,213,0.029,147,0.085,168,29159.23,149
E07000127,West Lancashire,14339.88,176,18.265,159,0.055,117,0.155,122,31358.24,101
E07000128,Wyre,15841.70,150,20.864,125,0.130,66,0.147,126,33037.89,34
E07000129,Blaby,9191.26,265,10.500,266,0.000,193,0.000,282,19006.11,284
E07000130,Charnwood,11308.29,232,13.272,228,0.020,161,0.043,208,26747.64,195
E07000131,Harborough,7859.43,283,9.224,284,0.000,193,0.000,282,16880.88,290
E07000132,Hinckley and Bosworth,12057.39,218,13.703,224,0.000,193,0.024,234,25118.02,228
E07000133,Melton,13123.92,198,14.866,202,0.000,193,0.047,201,26657.18,199
E07000134,North West Leicestershire,13269.84,194,15.307,194,0.017,174,0.049,199,27152.99,187
E07000135,Oadby and Wigston,11425.70,229,13.428,227,0.000,193,0.046,202,26282.87,206
E07000136,Boston,22656.79,36,28.459,51,0.128,70,0.318,60,31419.33,96
E07000137,East Lindsey,23262.04,27,30.392,36,0.146,58,0.334,52,32819.43,44
E07000138,Lincoln,21464.76,48,28.872,47,0.200,38,0.342,50,33115.99,31
E07000139,North Kesteven,11620.74,226,13.168,229,0.000,193,0.023,236,24894.96,233
E07000140,South Holland,18826.66,100,20.984,123,0.020,161,0.075,172,27480.99,182
E07000141,South Kesteven,12928.87,201,15.161,196,0.036,137,0.050,196,27258.26,185
E07000142,West Lindsey,17009.94,131,21.492,118,0.113,83,0.171,114,32091.93,68
E07000143,Breckland,18092.91,112,20.374,129,0.013,181,0.089,164,28654.30,163
E07000144,Broadland,11003.96,240,12.222,246,0.000,193,0.000,282,20520.40,274
E07000145,Great Yarmouth,23697.24,25,34.228,18,0.250,25,0.373,37,33591.91,5
E07000146,King's Lynn and West Norfolk,20364.86,69,24.054,88,0.054,118,0.167,116,30524.85,116
E07000147,North Norfolk,19348.27,89,21.114,121,0.000,193,0.039,213,26007.57,216
E07000148,Norwich,20585.20,64,26.262,65,0.118,74,0.313,62,31365.26,100
E07000149,South Norfolk,11946.35,220,13.115,231,0.000,193,0.000,282,21686.04,265
E07000170,Ashfield,20205.43,75,25.568,74,0.117,76,0.256,75,31947.98,74
E07000171,Bassetlaw,18287.97,111,22.540,108,0.073,108,0.199,107,31412.55,97
E07000172,Broxtowe,11483.72,228,13.752,223,0.000,193,0.064,181,27943.83,172
E07000173,Gedling,12368.10,209,14.485,206,0.013,180,0.050,194,26863.96,192
E07000174,Mansfield,20108.67,77,26.909,61,0.132,64,0.316,61,32483.79,57
E07000175,Newark and Sherwood,15815.79,151,19.056,147,0.041,132,0.140,128,30243.64,127
E07000176,Rushcliffe,6207.46,294,7.838,294,0.000,193,0.003,276,18643.46,287
E07000177,Cherwell,10900.53,244,12.624,242,0.000,193,0.030,225,25545.49,224
E07000178,Oxford,12110.23,217,14.423,208,0.024,154,0.076,170,28084.04,169
E07000179,South Oxfordshire,7046.39,287,8.546,287,0.000,193,0.000,282,16751.01,291
E07000180,Vale of White Horse,8049.80,280,9.472,281,0.000,193,0.006,268,17974.30,288
E07000181,West Oxfordshire,8641.18,270,10.148,269,0.000,193,0.007,265,19965.45,279
E07000192,Cannock Chase,16960.75,132,19.899,136,0.033,140,0.129,136,29281.38,146
E07000193,East Staffordshire,15520.06,156,19.021,148,0.056,116,0.170,115,30162.44,128
E07000194,Lichfield,10996.25,241,12.737,237,0.000,193,0.043,207,26217.88,210
E07000195,Newcastle-under-Lyme,16217.06,146,19.001,149,0.025,152,0.116,147,28914.93,156
E07000196,South Staffordshire,11890.68,222,13.527,226,0.000,193,0.039,212,26024.87,215
E07000197,Stafford,11750.56,225,13.901,218,0.012,182,0.072,177,27975.20,170
E07000198,Staffordshire Moorlands,12834.74,202,14.829,204,0.000,193,0.052,191,26656.53,200
E07000199,Tamworth,16417.46,140,20.233,134,0.118,74,0.167,117,31142.75,108
E07000200,Babergh,13985.49,184,15.388,193,0.000,193,0.022,237,24956.62,232
E07000202,Ipswich,19600.75,84,25.457,76,0.129,69,0.309,63,31788.33,85
E07000203,Mid Suffolk,13278.81,191,14.429,207,0.018,166,0.021,242,21434.16,267
E07000207,Elmbridge,6241.47,292,8.047,291,0.000,193,0.011,256,21830.12,262
E07000208,Epsom and Ewell,6217.99,293,7.975,293,0.000,193,0.015,248,22607.42,254
E07000209,Guildford,7826.94,284,9.468,282,0.000,193,0.008,263,22457.74,257
E07000210,Mole Valley,8300.63,277,9.770,278,0.000,193,0.013,252,20179.14,277
E07000211,Reigate and Banstead,8500.47,274,10.140,270,0.000,193,0.011,257,22827.82,252
E07000212,Runnymede,10877.10,245,12.394,244,0.000,193,0.015,249,24110.80,245
E07000213,Spelthorne,13185.89,196,14.861,203,0.000,193,0.035,217,25803.28,220
E07000214,Surrey Heath,6353.43,290,8.037,292,0.000,193,0.003,275,20926.18,271
E07000215,Tandridge,11232.29,236,12.532,243,0.000,193,0.002,277,22188.44,258
E07000216,Waverley,6584.40,289,8.128,288,0.000,193,0.000,282,18653.16,286
E07000217,Woking,9658.72,258,11.508,256,0.000,193,0.018,246,24736.81,235
E07000218,North Warwickshire,17450.49,122,20.081,135,0.026,149,0.093,160,29240.76,147
E07000219,Nuneaton and Bedworth,19393.16,88,23.971,91,0.083,99,0.208,100,31472.80,94
E07000220,Rugby,12170.81,216,14.059,216,0.000,193,0.038,216,26070.32,214
E07000221,Stratford-on-Avon,10620.90,246,11.767,253,0.000,193,0.000,282,19475.25,282
E07000222,Warwick,9291.22,264,10.799,265,0.011,183,0.010,259,22564.00,256
E07000223,Adur,13273.81,192,14.990,200,0.000,193,0.033,223,25569.67,223
E07000224,Arun,16592.00,137,19.416,141,0.051,123,0.115,148,30303.55,125
E07000225,Chichester,14286.90,177,15.599,191,0.000,193,0.019,245,24305.46,240
E07000226,Crawley,18486.19,109,20.786,126,0.015,177,0.075,171,26724.11,196
E07000227,Horsham,8178.03,279,9.611,279,0.000,193,0.001,281,19555.42,281
E07000228,Mid Sussex,7111.69,286,8.658,286,0.000,193,0.004,274,20112.35,278
E07000229,Worthing,13978.12,185,15.928,186,0.000,193,0.054,187,26955.90,191
E07000234,Bromsgrove,9144.95,266,11.003,262,0.000,193,0.034,220,25948.97,218
E07000235,Malvern Hills,14121.13,179,16.051,183,0.022,157,0.057,184,27645.44,179
E07000236,Redditch,15935.76,148,20.306,132,0.070,110,0.220,95,30935.82,111
E07000237,Worcester,14860.80,166,19.112,145,0.125,71,0.175,111,31444.89,95
E07000238,Wychavon,14172.04,178,15.828,187,0.000,193,0.039,211,26182.10,212
E07000239,Wyre Forest,17663.93,118,22.053,113,0.075,106,0.202,104,31349.28,102
E07000240,St Albans,6600.09,288,8.102,289,0.000,193,0.002,279,21755.11,264
E07000241,Welwyn Hatfield,12370.86,208,13.866,220,0.000,193,0.022,238,24765.71,234
E07000242,East Hertfordshire,8372.79,276,9.831,277,0.000,193,0.004,272,20331.06,276
E07000243,Stevenage,17284.52,125,18.919,151,0.000,193,0.028,227,25460.92,225
E07000244,East Suffolk,16526.68,138,20.316,131,0.076,105,0.128,137,31526.23,92
E07000245,West Suffolk,14559.15,172,16.165,182,0.000,193,0.046,203,26683.31,198
E08000001,Bolton,21894.64,43,31.410,30,0.260,23,0.438,24,33020.61,36
E08000002,Bury,18496.30,107,24.008,90,0.108,90,0.259,72,32142.55,65
E08000003,Manchester,25957.30,2,38.677,4,0.407,5,0.588,1,33273.23,22
E08000004,Oldham,24286.25,15,36.830,11,0.373,10,0.540,7,33454.44,11
E08000005,Rochdale,23877.78,19,34.331,17,0.311,17,0.475,22,33124.08,29
E08000006,Salford,22764.19,34,32.345,24,0.255,24,0.432,26,33303.12,20
E08000007,Stockport,13988.18,183,18.404,158,0.079,104,0.162,118,31806.05,81
E08000008,Tameside,22321.02,41,29.836,44,0.176,49,0.386,35,32525.82,54
E08000009,Trafford,11881.22,223,14.972,201,0.043,129,0.098,154,29770.82,138
E08000010,Wigan,18652.76,102,25.206,78,0.155,56,0.296,66,32654.12,48
E08000011,Knowsley,24167.14,17,36.157,13,0.400,7,0.510,12,33320.46,19
E08000012,Liverpool,24476.30,12,37.110,9,0.368,12,0.540,6,33440.72,13
E08000013,St. Helens,20369.74,68,28.953,46,0.231,29,0.367,40,33216.62,25
E08000014,Sefton,18364.97,110,25.150,80,0.189,44,0.272,70,33025.89,35
E08000015,Wirral,18517.76,106,27.473,58,0.234,28,0.323,54,33487.86,9
E08000016,Barnsley,22428.44,40,30.057,40,0.216,33,0.393,34,32556.05,53
E08000017,Doncaster,21877.30,44,30.523,35,0.231,30,0.379,36,33156.10,27
E08000018,Rotherham,20913.02,53,29.836,43,0.212,35,0.359,47,33445.68,12
E08000019,Sheffield,19277.22,90,27.574,56,0.219,31,0.347,49,33133.69,28
E08000021,Newcastle upon Tyne,19744.45,82,28.834,48,0.261,22,0.367,42,33285.64,21
E08000022,North Tyneside,16251.46,145,20.932,124,0.083,100,0.206,102,31552.49,91
E08000023,South Tyneside,22741.19,35,31.061,32,0.214,34,0.429,28,32595.72,50
E08000024,Sunderland,22974.73,31,32.760,22,0.276,20,0.457,23,33110.15,33
E08000025,Birmingham,25089.35,8,38.115,5,0.428,2,0.560,4,33268.15,23
E08000026,Coventry,20616.29,61,27.528,57,0.177,48,0.320,57,32679.65,47
E08000027,Dudley,17942.87,115,23.174,103,0.108,89,0.258,73,31791.02,84
E08000028,Sandwell,25389.96,5,33.772,19,0.163,54,0.510,13,32009.52,72
E08000029,Solihull,12647.41,204,17.040,173,0.134,62,0.171,113,32035.34,70
E08000030,Walsall,22512.04,38,31.732,28,0.249,27,0.482,19,32556.41,52
E08000031,Wolverhampton,23727.39,24,32.552,23,0.217,32,0.486,18,32498.43,56
E08000032,Bradford,23730.00,23,36.713,12,0.369,11,0.520,10,33502.60,8
E08000033,Calderdale,20325.12,71,27.582,55,0.202,37,0.322,56,32901.34,38
E08000034,Kirklees,19464.14,85,25.805,70,0.135,61,0.307,64,32344.50,61
E08000035,Leeds,17398.17,124,24.115,86,0.172,51,0.285,67,32798.75,45
E08000036,Wakefield,20586.90,63,27.247,59,0.172,52,0.326,53,32393.82,60
E08000037,Gateshead,20798.24,58,28.128,53,0.191,42,0.347,48,32569.00,51
E09000001,City of London,8781.75,267,10.210,268,0.000,193,0.000,282,18949.00,285
E09000002,Barking and Dagenham,25038.67,9,30.266,38,0.017,169,0.319,58,29685.66,142
E09000003,Barnet,17134.88,129,19.499,140,0.005,192,0.091,161,27855.96,174
E09000004,Bexley,12983.40,200,15.302,195,0.000,193,0.074,173,27813.43,175
E09000005,Brent,23737.65,22,30.046,41,0.155,57,0.323,55,32042.29,69
E09000006,Bromley,10479.35,248,12.673,238,0.005,191,0.062,183,27757.16,178
E09000007,Camden,19647.60,83,23.695,96,0.031,142,0.226,91,30119.60,129
E09000008,Croydon,18551.98,105,22.562,107,0.035,138,0.203,103,30406.71,121
E09000009,Ealing,21688.64,45,25.947,68,0.030,144,0.247,82,30001.17,133
E09000010,Enfield,22538.62,37,29.888,42,0.180,47,0.421,30,31852.73,78
E09000011,Greenwich,20217.62,74,23.539,98,0.000,193,0.180,110,28959.79,154
E09000012,Hackney,24813.48,10,31.795,27,0.161,55,0.400,33,31775.70,87
E09000013,Hammersmith and Fulham,18491.87,108,21.202,120,0.017,169,0.139,130,28900.98,158
E09000014,Haringey,23134.61,29,30.856,33,0.191,42,0.437,25,32018.76,71
E09000015,Harrow,15791.19,153,17.527,168,0.000,193,0.044,206,26244.07,208
E09000016,Havering,14471.72,173,16.755,176,0.007,188,0.074,174,28138.95,168
E09000017,Hillingdon,17826.91,116,20.653,128,0.000,193,0.120,144,28414.26,166
E09000018,Hounslow,21445.12,49,24.859,82,0.020,160,0.175,112,29072.42,152
E09000019,Islington,22487.79,39,26.651,63,0.040,133,0.227,90,29997.14,134
E09000020,Kensington and Chelsea,17076.30,130,20.339,130,0.030,146,0.161,119,30013.80,132
E09000021,Kingston upon Thames,9596.44,259,11.063,260,0.000,193,0.010,260,21782.13,263
E09000022,Lambeth,20360.20,70,23.041,104,0.006,190,0.122,142,27760.16,177
E09000023,Lewisham,21676.60,46,25.472,75,0.017,172,0.198,108,29746.01,141
E09000024,Merton,12518.56,207,14.384,209,0.000,193,0.040,209,26319.24,205
E09000025,Newham,25157.21,7,31.583,29,0.054,119,0.425,29,30519.22,117
E09000026,Redbridge,17221.45,127,19.854,137,0.018,164,0.107,149,28877.65,159
E09000027,Richmond upon Thames,7866.61,282,9.532,280,0.000,193,0.009,261,21182.75,269
E09000028,Southwark,20380.68,67,23.328,102,0.000,193,0.138,131,27927.59,173
E09000029,Sutton,11826.33,224,13.850,221,0.008,186,0.049,198,26810.11,194
E09000030,Tower Hamlets,23847.49,20,30.554,34,0.130,68,0.415,31,31107.10,109
E09000031,Waltham Forest,20500.10,65,23.453,100,0.007,187,0.132,133,28908.92,157
E09000032,Wandsworth,13272.79,193,15.157,197,0.000,193,0.055,186,27096.69,189
E09000033,Westminster,19406.31,87,23.931,92,0.089,94,0.233,86,31297.11,104
